NMAE,NRMSE,R2,PCC,ARE,AFE
0.1883565934734116,0.15682682999958333,0.9672270815739977,0.9835610559856083,0.15875855,1315407.8
