NMAE,NRMSE,R2,PCC,ARE,AFE
0.18529404481926112,0.1518396126731962,0.969278348158002,0.984524322630369,0.15265195,1294020.1
